{
  "generatedAt": "2025-11-16T11:38:44.956Z",
  "orgCount": 4,
  "watchlist": [],
  "rows": [
    {
      "orgId": "pilot-cafe",
      "name": "Harborview Cafe",
      "paygw": {
        "actual": 18200,
        "forecast": 15889.463614393128,
        "status": "ok",
        "confidence": {
          "lower": 14473.304838219588,
          "upper": 17305.622390566667,
          "standardDeviation": 1769.8297940762552,
          "sampleSize": 6
        }
      },
      "gst": {
        "actual": 9500,
        "forecast": 8817.1791084855,
        "status": "ok",
        "confidence": {
          "lower": 8549.691164831958,
          "upper": 9084.66705213904,
          "standardDeviation": 334.2902930089356,
          "sampleSize": 6
        }
      },
      "regression": {
        "paygw": 17992.428571428572,
        "gst": 9275.714285714286
      }
    },
    {
      "orgId": "pilot-fabrication",
      "name": "Metro Fabrication",
      "paygw": {
        "actual": 24500,
        "forecast": 23479.6589688507,
        "status": "ok",
        "confidence": {
          "lower": 22763.07410530231,
          "upper": 24196.243832399094,
          "standardDeviation": 895.5445270895244,
          "sampleSize": 6
        }
      },
      "gst": {
        "actual": 16320,
        "forecast": 15764.816058002152,
        "status": "ok",
        "confidence": {
          "lower": 15460.104164933015,
          "upper": 16069.52795107129,
          "standardDeviation": 380.81053906984596,
          "sampleSize": 6
        }
      },
      "regression": {
        "paygw": 24565.714285714286,
        "gst": 16202.857142857143
      }
    },
    {
      "orgId": "pilot-digital",
      "name": "Signal Digital",
      "paygw": {
        "actual": 10810,
        "forecast": 10418.622448979593,
        "status": "ok",
        "confidence": {
          "lower": 10184.787521448796,
          "upper": 10652.45737651039,
          "standardDeviation": 292.23278392404916,
          "sampleSize": 6
        }
      },
      "gst": {
        "actual": 5650,
        "forecast": 5554.8570085929105,
        "status": "ok",
        "confidence": {
          "lower": 5496.5811035282,
          "upper": 5613.1329136576205,
          "standardDeviation": 72.82971005480294,
          "sampleSize": 6
        }
      },
      "regression": {
        "paygw": 10754.857142857143,
        "gst": 5638.714285714285
      }
    },
    {
      "orgId": "pilot-contractor",
      "name": "Trident Contractors",
      "paygw": {
        "actual": 21900,
        "forecast": 20138.762083780883,
        "status": "ok",
        "confidence": {
          "lower": 18989.00678614384,
          "upper": 21288.517381417925,
          "standardDeviation": 1436.894800139059,
          "sampleSize": 6
        }
      },
      "gst": {
        "actual": 13350,
        "forecast": 12614.0373254565,
        "status": "ok",
        "confidence": {
          "lower": 12344.324581144252,
          "upper": 12883.750069768748,
          "standardDeviation": 337.0707146381404,
          "sampleSize": 6
        }
      },
      "regression": {
        "paygw": 21922.85714285714,
        "gst": 13060.857142857143
      }
    }
  ]
}